REF_DATE,"Alcoholic beverages, tobacco products and recreational cannabis",All-items,All-items excluding food,All-items excluding food and energy,Clothing and footwear,Food,Health and personal care,"Household operations, furnishings and equipment","Recreation, education and reading",Shelter,Transportation
1992-01,,,,,,,,,,,
1992-02,0.12531328320803947,0.1203369434416457,0.24009603841537164,0.23752969121140222,0.7438894792773709,0.24390243902439046,-0.23446658851113966,0.0,0.0,0.0,-1.2228260869565077
1992-03,0.3754693366708306,0.48076923076922906,0.23952095808383866,0.4739336492890933,0.0,0.8515815085158085,0.4700352526439522,-0.11402508551882073,0.12674271229402567,-0.11415525114154557,1.2379642365887067
1992-04,0.37406483790523026,0.11961722488038617,0.2389486260454099,0.11792452830190481,-0.10548523206750371,0.12062726176114147,0.7017543859649145,0.0,-0.25316455696202667,-0.11428571428571122,0.13586956521740579
1992-05,0.496894409937898,0.2389486260454099,0.23837902264598476,0.35335689045936647,0.8447729672650395,-0.24096385542169418,0.11614401858304202,0.11415525114155667,0.12690355329949554,0.22883295194506825,0.407055630936215
1992-06,0.12360939431395046,0.23837902264598476,0.0,0.11737089201877549,-0.41884816753927634,0.6038647342995196,0.23201856148491462,0.0,0.12674271229402567,-0.11415525114154557,0.9459459459459474
1992-07,0.37037037037037646,0.0,0.23781212841855748,0.0,-0.1051524710830698,-0.24009603841537164,0.694444444444442,0.22805017103764147,0.25316455696202667,0.22857142857142243,0.8032128514056103
1992-08,0.12300123001232066,0.11890606420927874,0.11862396204034287,0.11723329425556983,0.7368421052631691,0.48134777376656057,0.34482758620688614,0.22753128555175195,0.0,0.22805017103764147,-1.0624169986719778
1992-09,0.12285012285011554,0.11876484560569,-0.11848341232228998,-0.11709601873537423,-0.6269592476489172,0.11976047904191933,0.0,-0.22701475595912068,0.0,-0.22753128555176305,-0.26845637583893245
1992-10,0.0,0.11862396204034287,0.3558718861209842,0.23446658851113966,0.630914826498441,-0.11961722488037507,0.11454753722794919,0.0,0.12626262626262985,0.7981755986317118,-0.13458950201883368
1992-11,0.12269938650306678,0.11848341232227888,0.11820330969267712,0.0,-0.6269592476489172,0.11976047904191933,0.22883295194506825,0.34129692832765013,0.5044136191677318,0.2262443438913797,2.695417789757415
1992-12,0.1225490196078427,0.2366863905325367,0.0,0.23391812865496409,0.4206098843322792,-0.11961722488037507,0.11415525114155667,0.11337868480725266,0.12547051442910462,0.11286681715576563,-0.3937007874015741
1993-01,0.1223990208078174,0.23612750885477762,0.47225501770955525,0.3500583430571691,0.41884816753927634,0.3592814371257358,0.22805017103764147,0.0,0.5012531328320913,0.22547914317925244,0.39525691699604515
1993-02,0.0,0.35335689045936647,0.3525264394829808,0.34883720930232176,-0.5213764337851923,0.4773269689737569,0.22753128555175195,0.0,0.12468827930174342,0.0,0.0
1993-03,0.12224938875307068,0.0,0.0,0.2317497103128563,0.20964360587001352,0.0,0.2270147559591429,-0.3397508493771184,0.0,0.0,0.0
1993-04,0.24420024420022113,0.11737089201877549,0.11709601873535203,0.11560693641616826,0.20920502092049986,-0.3562945368171033,0.11325028312572094,0.5681818181818121,0.6226650062266526,0.11248593925758943,-0.3937007874015741
1993-05,0.0,0.11723329425556983,0.11695906432747094,0.0,0.0,0.9535160905840279,0.4524886877828038,0.11299435028246929,-0.12376237623761277,-0.11235955056179137,0.0
1993-06,-0.24360535931788885,0.0,0.0,0.0,0.6263048016701633,-0.23612750885478873,0.11261261261261701,0.11286681715576563,0.3717472118959009,0.0,0.26350461133068936
1993-07,0.48840048840048667,0.11709601873535203,0.11682242990656011,0.23094688221709792,0.0,0.0,0.0,0.11273957158961512,-0.12345679012345512,0.0,0.9198423127463995
1993-08,0.36452004860267895,0.23391812865496409,0.1166861143523823,0.11520737327190833,-0.4149377593361092,0.11834319526626835,0.3374578177727683,0.0,0.24721878862792313,0.11248593925758943,0.0
1993-09,0.1210653753026758,0.1166861143523823,0.2331002331002363,0.23014959723819395,0.10416666666666075,0.11820330969267712,0.22421524663678305,0.22522522522523403,0.2466091245376223,0.0,0.13020833333334814
1993-10,-0.12091898428053804,0.2331002331002363,0.23255813953488857,0.11481056257176547,-0.10405827263266776,0.11806375442737771,0.3355704697986628,0.3370786516853963,0.49200492004921603,0.44943820224718767,-0.13003901170351995
1993-11,-0.1210653753026536,0.11627906976743319,0.11600928074244621,0.2293577981651307,0.2083333333333437,0.11792452830190481,-0.33444816053511683,-0.11198208286673506,0.2447980416156792,0.11185682326622093,2.604166666666674
1993-12,0.0,0.0,0.0,0.11441647597252302,0.20790020790020236,0.11778563015312216,0.3355704697986628,-0.11210762331839152,0.48840048840048667,0.11173184357540222,-0.2538071065989911
1994-01,-0.12121212121211089,-0.11614401858303092,-0.11587485515642815,-0.11428571428571122,0.10373443983402453,-0.11764705882352233,0.0,-0.33670033670033517,0.36452004860267895,-0.11160714285713969,-0.7633587786259444
1994-02,-17.111650485436904,-0.8139534883720989,-0.6960556844547661,-0.9153318077803285,0.2072538860103723,-0.4711425206124886,0.33444816053511683,0.22522522522523403,0.2421307506053294,0.0,1.2820512820512775
1994-03,-0.2928257686676483,0.0,0.0,0.0,0.4136504653567741,-0.35502958579881616,-0.11111111111110628,-0.22471910112359383,0.24154589371980784,-0.11173184357541333,0.0
1994-04,-0.587371512481627,0.0,0.0,0.0,-0.1029866117404632,0.23752969121140222,0.11123470522802492,0.11261261261261701,0.12048192771083599,-0.5592841163310935,0.5063291139240533
1994-05,-0.4431314623338234,-0.11723329425555873,-0.2336448598130758,-0.11547344110853786,-0.8247422680412342,0.0,0.0,-0.4499437570303799,-0.12033694344163459,0.11248593925758943,0.0
1994-06,0.0,0.11737089201877549,0.3512880562060783,0.11560693641616826,0.8316008316008316,0.0,-0.11111111111110628,0.225988700564983,0.12048192771083599,0.22471910112360494,0.7556675062972307
1994-07,-0.14836795252226587,0.3516998827667095,0.0,0.0,0.5154639175257714,0.5924170616113722,-0.6674082313681939,-0.11273957158963732,-0.12033694344163459,0.0,1.1249999999999982
1994-08,0.0,0.23364485981309802,0.2333722287047868,0.11547344110856006,-0.7179487179487243,0.35335689045936647,0.11198208286675726,0.0,0.3614457831325302,0.22421524663678305,0.3708281829418958
1994-09,0.0,0.11655011655011815,0.11641443538998875,0.23068050749712743,-0.5165289256198302,-0.11737089201878659,0.4474272930648615,0.4514672686230403,0.6002400960384069,0.0,-0.3694581280788145
1994-10,0.14858841010403356,-0.11641443538999985,-0.11627906976743319,0.0,-0.20768431983385627,0.3525264394829808,-0.22271714922049712,0.0,0.35799522673030104,0.3355704697986628,-0.8652657601977753
1994-11,0.14836795252224366,0.34965034965035446,0.34924330616996624,0.3452243958573131,0.20811654526535772,0.0,0.11160714285716189,0.11235955056179137,0.5945303210463715,0.11148272017835748,2.244389027431426
1994-12,0.0,0.34843205574914826,0.46403712296982924,0.4587155963302614,1.4537902388369828,-0.11709601873537423,-0.11148272017837968,0.44893378226711356,0.5910165484633634,0.33407572383072903,0.4878048780487809
1995-01,0.0,0.23148148148146586,0.11547344110856006,0.22831050228311334,-0.5117707267144334,1.0550996483001285,0.22321428571427937,0.11173184357540222,0.0,0.11098779134295356,0.364077669902918
1995-02,0.1481481481481417,0.46189376443419583,0.34602076124568004,0.3416856492027387,0.0,0.46403712296982924,-0.11135857461024301,0.22321428571427937,0.4700352526439522,0.0,0.48367593712210777
1995-03,0.887573964497057,0.22988505747125743,0.34482758620688614,0.2270147559591429,-0.8230452674897082,0.23094688221709792,-0.11148272017837968,0.33407572383072903,0.5847953216374213,0.11086474501107446,0.48134777376656057
1995-04,0.14662756598240456,0.2293577981651307,0.22909507445589838,0.11325028312572094,0.6224066390041472,0.9216589861751112,-0.22321428571426827,0.2219755826859071,0.23255813953488857,-0.22148394241418012,0.3592814371257358
1995-05,0.43923865300146137,0.3432494279176135,0.34285714285713365,0.33936651583710287,-0.20618556701030855,-0.6849315068493067,0.0,0.33222591362125353,0.23201856148491462,0.2219755826859071,1.193317422434359
1995-06,0.1457725947521915,0.0,0.0,0.22547914317925244,-0.30991735537190257,0.0,0.0,-0.1103752759381793,0.23148148148146586,0.22148394241416902,0.0
1995-07,0.4366812227074135,0.11402508551880963,0.1138952164009277,0.0,0.0,0.0,0.3355704697986628,0.22099447513812542,0.6928406466512715,0.0,0.0
1995-08,0.0,-0.1138952164009055,0.0,0.22497187851517886,-0.2072538860103612,-0.34482758620689724,0.0,0.22050716648291946,0.0,0.0,-0.4716981132075415
1995-09,0.14492753623187582,0.11402508551880963,0.22753128555175195,0.11223344556678949,0.7268951194184803,0.34602076124568004,-0.33444816053511683,0.0,0.11467889908256534,0.0,0.35545023696681444
1995-10,0.4341534008683201,0.0,-0.11350737797956034,0.0,-0.5154639175257714,0.0,0.22371364653241965,0.44004400440043057,-0.22909507445589838,-0.11049723756905161,-0.35419126328216644
1995-11,0.0,0.1138952164009277,0.1136363636363491,0.11210762331836932,0.7253886010362809,-0.34482758620689724,0.0,0.0,1.148105625717566,0.22123893805308104,1.0663507109004655
1995-12,0.0,0.0,0.0,-0.11198208286673506,-1.1316872427983626,0.34602076124568004,0.11160714285716189,0.10952902519167917,-1.0215664018161097,0.0,0.5861664712778492
1996-01,0.0,0.11376564277587597,0.11350737797957144,0.22421524663678305,0.10405827263268996,-0.11494252873562871,0.0,0.4376367614879584,0.4587155963302614,0.0,0.0
1996-02,0.14409221902016434,0.1136363636363491,0.22675736961450532,0.11185682326622093,0.20790020790020236,0.11507479861909697,0.0,0.0,0.0,0.0,0.0
1996-03,0.14388489208632116,0.4540295119182858,0.2262443438913797,0.11173184357540222,0.10373443983402453,0.34482758620688614,0.11148272017835748,0.43572984749455923,0.11415525114155667,0.0,0.8158508158508271
1996-04,0.1436781609195581,0.225988700564983,0.3386004514672747,0.22321428571427937,-0.5181347150259086,1.0309278350515427,0.11135857461026522,-0.10845986984816536,0.3420752565564289,-0.1103752759381793,1.0404624277456698
1996-05,0.2869440459110528,0.22547914317925244,0.4499437570303577,0.22271714922048602,0.6249999999999867,-0.5668934240362855,0.0,0.32573289902282365,0.3409090909090917,0.11049723756906271,1.258581235697931
1996-06,0.14306151645206988,0.0,-0.2239641657334812,0.0,-1.0351966873705987,0.3420752565564289,0.11123470522802492,0.43290043290042934,0.11325028312572094,-0.22075055187636972,-0.6779661016949046
1996-07,0.28571428571428914,0.0,0.0,0.11111111111110628,0.5230125523012497,-0.1136363636363602,0.0,0.10775862068965747,0.7918552036199067,0.11061946902655162,-1.0238907849829393
1996-08,0.0,0.11248593925758943,0.0,0.11098779134295356,-0.10405827263266776,0.22753128555175195,0.22222222222223476,0.32292787944026013,0.33670033670034627,-0.22099447513812542,0.22988505747125743
1996-09,0.14245014245013454,0.11235955056179137,0.11223344556678949,0.11086474501107446,0.5208333333333259,0.34052213393871433,0.22172949002217113,-0.32188841201716833,0.11185682326622093,0.22148394241416902,0.11467889908256534
1996-10,0.0,0.33670033670034627,0.22421524663678305,0.0,0.2072538860103723,0.5656108597285048,0.0,-0.21528525296017342,0.22346368715084886,0.44198895027625085,0.11454753722794919
1996-11,0.0,0.3355704697986628,0.5592841163311046,0.44296788482836025,-0.10341261633920462,0.3374578177727683,0.33185840707963266,0.10787486515642097,0.0,-0.33003300330034513,3.318077803203656
1996-12,1.7069701280227667,0.22296544035673715,0.22246941045604984,0.22050716648291946,0.31055900621119736,-0.33632286995515237,0.0,0.21551724137931494,0.33444816053511683,0.22075055187638082,0.33222591362125353
1997-01,0.0,0.11123470522802492,0.11098779134295356,0.11001100110010764,-0.6191950464396356,0.0,0.11025358324145973,0.5376344086021501,0.33333333333334103,0.11013215859032588,-0.1103752759381793
1997-02,0.2797202797202747,0.11111111111110628,0.11086474501107446,0.0,0.0,0.3374578177727683,0.330396475770911,-0.21390374331551332,-0.11074197120708451,0.0,-0.22099447513812542
1997-03,0.2789400278940146,0.11098779134295356,0.22148394241416902,0.219780219780219,0.6230529595015577,0.0,0.2195389681668436,0.3215434083601254,0.44345898004434225,0.0,0.11074197120710672
1997-04,0.0,0.0,0.0,0.21929824561404132,1.1351909184726505,-0.33632286995515237,0.3285870755750153,0.0,0.0,0.0,-0.33185840707965486
1997-05,0.13908205841446364,0.0,0.0,0.0,0.10204081632652073,0.22497187851517886,-0.10917030567685337,0.0,0.0,-0.22002200220022639,0.0
1997-06,0.4166666666666652,0.11086474501107446,0.11049723756906271,0.4376367614879584,0.0,0.0,0.43715846994536456,-0.10683760683759536,0.9933774834437248,0.11025358324145973,0.33296337402886067
1997-07,-0.2766251728907321,0.11074197120710672,-0.1103752759381793,-0.32679738562091387,-0.4077471967380175,0.561167227833903,-0.10881392818281599,0.10695187165774556,-0.6557377049180246,0.0,-0.553097345132747
1997-08,0.554785020804438,0.22123893805308104,0.22099447513812542,0.10928961748633004,0.5117707267144223,0.0,0.0,0.0,0.22002200220021528,-0.22026431718061845,1.0011123470522687
1997-09,0.13793103448274113,0.0,0.11025358324145973,0.10917030567687558,-0.6109979633401319,0.0,0.0,0.21367521367521292,0.3293084522502765,0.0,0.11013215859032588
1997-10,0.4132231404958775,0.0,0.0,0.10905125408942062,0.6147540983606703,0.11160714285716189,0.21786492374729072,0.31982942430703876,0.1094091903719896,0.11037527593820151,-0.7700770077007757
1997-11,0.274348422496562,-0.1103752759381793,-0.3303964757709221,-0.10893246187363426,-0.20366598778004397,0.33444816053511683,0.3260869565217428,-0.2125398512220933,-0.10928961748633004,0.0,0.3325942350332456
1997-12,-0.1367989056087482,0.11049723756906271,0.33149171270718814,0.0,0.20408163265306367,-0.11111111111110628,0.3250270855904569,0.5324813631522929,0.2188183807439792,0.11025358324145973,-0.33149171270717703
1998-01,0.273972602739736,0.5518763796909409,0.330396475770911,0.5452562704471031,0.5091649694501044,1.2235817575083408,0.2159827213823018,1.0593220338983134,0.5458515283842891,0.11013215859032588,0.0
1998-02,1.6393442622950838,0.0,0.1097694840834329,0.2169197396963085,0.0,-0.659340659340657,0.0,-0.10482180293501786,0.8686210640608261,-0.22002200220022639,-0.44345898004435336
1998-03,0.1344086021505264,0.0,-0.10964912280703176,0.0,-0.3039513677811523,0.11061946902655162,0.21551724137931494,-0.20986358866736943,0.0,0.22050716648291946,-0.33407572383072903
1998-04,0.13422818791946067,-0.1097694840834218,0.0,0.10822510822510178,-0.3048780487804992,-0.11049723756905161,0.10752688172042113,0.0,0.0,0.0,-0.11173184357541333
1998-05,0.13404825737266535,0.1098901098901095,0.2195389681668436,0.108108108108107,0.20387359836901986,0.22123893805308104,0.21482277121374072,0.0,0.43057050592032464,0.0,0.4474272930648615
1998-06,0.0,0.1097694840834329,0.0,0.0,0.6103763987792554,0.44150110375276164,0.2143622722400984,-0.2103049421661285,-0.1071811361200381,0.0,0.0
1998-07,0.40160642570281624,0.0,0.10952902519167917,0.1079913606911509,-0.2022244691607722,-0.219780219780219,0.3208556149732589,0.0,-0.21459227467811592,0.11001100110010764,-0.22271714922049712
1998-08,0.40000000000000036,0.10964912280702066,0.0,0.21574973031284195,0.5065856129685908,0.0,0.10660980810235365,0.0,0.10752688172042113,0.1098901098901095,-0.22321428571426827
1998-09,0.26560424966799445,-0.21905805038335835,-0.2188183807439903,0.0,-0.9072580645161366,0.0,0.21299254526090383,0.42149631190726566,-0.21482277121374072,-0.1097694840834218,-0.22371364653244186
1998-10,0.26490066225166586,0.5488474204171201,0.43859649122806044,0.10764262648008671,1.1190233977619535,0.22026431718062955,0.0,-0.41972717733472775,0.43057050592032464,0.659340659340657,0.4484304932735439
1998-11,0.13210039630118242,0.0,0.0,0.0,0.0,0.5494505494505475,0.31880977683316214,0.10537407797681642,0.0,0.0,0.5580357142857206
1998-12,-0.13192612137202797,0.0,0.0,0.0,-0.4024144869215318,-0.21857923497268228,0.0,0.10526315789474161,0.2143622722400984,0.10917030567687558,-0.6659267480577102
1999-01,0.13210039630118242,0.21834061135370675,0.21834061135370675,0.21505376344086446,0.60606060606061,0.8762322015334112,0.21186440677964935,-0.1051524710830698,-0.10695187165774556,0.10905125408942062,-0.11173184357541333
1999-02,0.0,0.0,0.0,0.10729613733904131,-0.3012048192771011,-0.32573289902280145,0.0,0.3157894736842026,0.10706638115631772,0.0,-0.22371364653244186
1999-03,0.13192612137205018,0.21786492374729072,0.21786492374729072,0.2143622722400984,0.5035246727089548,0.0,0.10570824524314126,0.0,0.10695187165774556,0.0,1.1210762331838486
1999-04,0.39525691699604515,0.5434782608695565,0.6521739130434634,0.3208556149732589,0.30060120240480437,0.21786492374729072,0.42238648363250864,0.10493179433368471,0.3205128205128416,0.32679738562091387,1.8847006651884657
1999-05,0.1312335958005173,0.108108108108107,0.0,0.10660980810235365,0.09990009990010762,-0.10869565217390686,0.2103049421661396,0.41928721174002703,0.31948881789136685,-0.21715526601518986,0.43525571273121955
1999-06,0.1310615989515096,0.0,0.1079913606911509,0.10649627263044081,0.09980039920158834,0.10881392818280489,0.10493179433368471,0.20876826722338038,0.424628450106157,0.10881392818280489,-0.325027085590468
1999-07,0.2617801047120283,0.2159827213823018,0.4314994606256617,0.0,0.0,-0.10869565217390686,0.20964360587001352,-0.10416666666666075,0.21141649048626032,0.10869565217390686,0.8695652173912993
1999-08,-0.13054830287205776,0.4310344827586299,0.42964554242750363,0.21276595744681437,0.3988035892322994,-0.10881392818281599,0.10460251046024993,0.0,0.21097046413502962,0.21715526601520097,1.2931034482758674
1999-09,0.13071895424836555,0.32188841201716833,0.3208556149732589,0.424628450106157,0.0,0.32679738562091387,0.2089864158829613,0.2085505735140547,0.5263157894736858,0.5417118093174356,0.5319148936170137
1999-10,0.13054830287206887,0.10695187165774556,0.10660980810235365,-0.10570824524311906,-0.2979145978152853,0.32573289902282365,-0.10427528675704956,0.20811654526535772,0.10471204188480243,0.21551724137931494,0.0
1999-11,0.39113428943937656,0.10683760683760646,0.0,0.0,-0.09960159362550902,-0.10822510822511289,0.0,0.0,0.313807531380772,0.10752688172042113,0.2116402116402183
1999-12,0.9090909090909038,0.32017075773744796,0.42598509052182987,0.10582010582009804,-0.49850448654037427,0.0,0.31315240083507057,-0.10384215991692258,0.0,0.42964554242750363,0.7391763463569179
2000-01,0.2574002574002643,0.0,0.10604453870626251,0.0,0.6012024048096309,-0.5417118093174467,0.20811654526535772,-0.4158004158004269,0.0,0.3208556149732589,-0.7337526205450806
2000-02,0.12836970474967568,0.31914893617019935,0.5296610169491567,0.21141649048626032,-0.29880478087650486,0.0,0.0,0.31315240083507057,0.10427528675702735,0.6396588486140775,0.9503695881731611
2000-03,0.512820512820511,0.5302226935312904,0.31612223393044925,0.21097046413502962,-0.19980019980019303,0.32679738562091387,0.20768431983384517,0.20811654526535772,0.31250000000000444,0.10593220338981357,1.987447698744771
2000-04,0.25510204081631294,-0.42194092827003704,-0.31512605042016695,0.0,-0.4004004004004025,0.21715526601520097,-0.10362694300517505,-0.20768431983385627,0.10384215991694479,0.0,-1.4358974358974375
2000-05,-0.12722646310431296,0.3177966101694851,0.21074815595363283,0.21052631578948322,0.7035175879396949,0.5417118093174356,0.3112033195020736,0.10405827263268996,0.20746887966804906,0.2116402116402183,0.520291363163361
2000-06,0.5095541401273884,0.6335797254487741,0.630914826498441,0.21008403361344463,0.29940119760478723,0.3232758620689724,-0.10341261633920462,0.31185031185030354,0.5175983436852993,0.31678986272438703,1.449275362318847
2000-07,0.3802281368821214,0.31479538300105414,0.31347962382444194,0.10482180293500676,-0.19900497512438386,0.5370569280343629,0.31055900621119736,0.5181347150259086,0.2059732234809486,0.5263157894736858,-0.40816326530612734
2000-08,0.0,-0.10460251046024993,-0.2083333333333326,0.10471204188480243,-0.29910269192422456,0.5341880341880323,0.41279669762641635,0.10309278350515427,0.10277492291881352,0.3141361256544517,-0.9221311475409721
2000-09,0.5050505050504972,0.41884816753927634,0.5219206680584509,0.20920502092049986,0.49999999999998934,0.2125398512221155,0.0,-0.2059732234809375,0.10266940451744144,0.5219206680584509,1.4477766287487093
2000-10,0.0,0.4171011470281538,0.41536863966771254,0.10438413361169019,0.09950248756218638,0.0,0.30832476875641834,0.3095975232198178,0.20512820512821328,0.9345794392523477,-0.3058103975535187
2000-11,0.2512562814070307,0.5192107995846351,0.6204756980351611,0.4171011470281538,-0.29821073558647937,0.0,0.2049180327868827,0.2057613168724215,0.0,0.5144032921810648,1.942740286298572
2000-12,0.3759398496240518,0.20661157024792765,0.10277492291881352,0.10384215991694479,1.2961116650049842,1.0604453870625585,0.0,0.0,0.20470829068577334,0.4094165813715467,-1.2036108324974926
2001-01,0.37453183520601563,-0.20618556701030855,-0.2053388090349051,0.10373443983402453,-0.5905511811023612,-0.31479538300104304,0.4089979550102374,0.0,0.3064351378958108,-0.6116207951070263,-0.9137055837563524
2001-02,0.12437810945273853,0.10330578512398603,0.0,0.2072538860103723,0.1980198019801982,0.9473684210526301,0.20366598778003286,0.2053388090349051,0.0,-0.10256410256409554,0.2049180327868827
2001-03,0.3726708074534235,0.20639834881319707,-0.10288065843622185,0.0,-0.09881422924902239,0.7299270072992581,0.20325203252031798,0.10245901639345245,0.10183299389001643,0.924024640657084,-1.0224948875255602
2001-04,3.712871287128716,0.720906282183309,0.8238928939237944,0.31023784901758056,-0.29673590504450953,0.31055900621119736,0.0,0.5117707267144223,0.3051881993896277,0.6103763987792554,1.5495867768595017
2001-05,1.193317422434359,0.6134969325153561,0.6128702757916216,0.10309278350515427,-0.29761904761904656,0.6191950464396134,0.10141987829614951,0.3054989816700493,0.0,1.1122345803842304,1.4242115971515812
2001-06,0.2358490566037874,0.0,0.0,0.2059732234809486,0.0,0.0,0.5065856129685908,0.20304568527920175,0.0,0.29999999999998916,-0.8024072216649913
2001-07,0.3529411764705781,-0.3048780487804992,-0.3045685279187804,0.20554984583762703,0.7960199004975133,0.41025641025642656,0.20161290322580072,0.0,-0.10141987829613841,-0.3988035892322994,-1.921132457027308
2001-08,0.8206330597889888,0.10193679918450993,0.10183299389001643,0.20512820512821328,0.09871668311944859,0.10214504596526286,-0.6036217303822977,0.20263424518744966,0.10152284263957867,0.0,0.4123711340206171
2001-09,0.23255813953488857,0.20366598778003286,0.20345879959309254,0.20470829068577334,-0.4930966469428033,0.20408163265306367,0.2024291497975783,0.4044489383215222,-0.20283975659227682,-0.30030030030031574,1.5400410677617993
2001-10,0.46403712296982924,-0.3048780487804992,-0.4060913705583813,0.0,-0.7928642220019988,0.20366598778003286,0.5050505050504972,0.0,-0.40650406504065817,0.20080321285140812,-2.0222446916076886
2001-11,4.387990762124727,-0.7135575942915251,-0.8154943934760461,-0.10214504596527396,-0.19980019980019303,-0.3048780487804992,-0.20100502512563345,-0.20140986908359082,0.20408163265306367,-1.4028056112224352,-2.579979360165119
2001-12,0.22123893805308104,0.30800821355236874,0.20554984583762703,0.2044989775051187,0.2002002002001957,0.6116207951070374,0.0,0.4036326942482349,0.40733197556006573,0.5081300813008172,-0.7415254237288171
2002-01,0.44150110375276164,0.4094165813715467,0.41025641025642656,0.10204081632652073,-1.2987012987012991,0.6079027355623046,-0.10070493454178431,0.10050251256281673,0.10141987829614951,0.4044489383215222,0.7470651013874008
2002-02,0.5494505494505475,0.3058103975535298,0.10214504596526286,0.3058103975535298,1.3157894736842035,0.8056394763343411,0.3024193548387011,-0.10040160642569296,0.4052684903748549,0.10070493454179541,0.4237288135593209
2002-03,1.4207650273224015,0.40650406504063596,0.5102040816326481,0.304878048780477,0.09990009990010762,-0.39960039960038607,0.0,0.3015075376884502,0.20181634712412855,0.0,2.4261603375527407
2002-04,2.2629310344827624,0.7085020242914908,0.8121827411167404,0.5065856129685908,0.698602794411185,0.5015045135406293,0.20100502512563345,0.0,0.0,-0.3018108651911544,2.471678681771383
2002-05,0.8429926238145313,-0.10050251256280562,0.0,0.3024193548387011,-0.5946481665014991,-0.5988023952095856,0.20060180541625616,0.10020040080160886,0.5035246727089548,0.3027245206861817,0.3015075376884502
2002-06,4.493207941483801,0.2012072434607548,0.302114803625364,0.4020100502512669,0.09970089730808596,0.10040160642570406,0.30030030030030463,0.2002002002001957,0.10020040080160886,0.0,-0.10020040080159776
2002-07,4.499999999999993,0.7028112449799284,0.8032128514056325,0.5005005005005003,0.09960159362549792,0.10030090270811698,-0.29940119760478723,0.19980019980019303,0.5005005005005003,0.1006036217303663,1.0030090270812364
2002-08,0.2870813397129135,0.3988035892322994,0.4980079681274896,0.29880478087649376,-0.3980099502487566,0.30060120240480437,0.2002002002001957,0.09970089730808596,0.09960159362549792,0.8040201005025116,1.1916583912611856
2002-09,0.2862595419847347,0.09930486593843213,0.09910802775023875,0.19860973187686426,0.0,0.09990009990010762,0.09990009990010762,-0.4980079681274896,0.0,0.3988035892322994,-0.09813542688911214
2002-10,1.141769743101806,0.49603174603174427,0.5940594059405946,0.1982160555004775,-0.19980019980019303,-0.29940119760478723,0.29940119760478723,0.10010010010008674,0.0,1.0923535253227312,0.7858546168958647
2002-11,0.470366886171214,0.29615004935834577,0.2952755905512028,0.29673590504453173,-0.10010010010010895,0.800800800800805,0.09950248756218638,0.40000000000000036,0.39800995024876773,-0.09823182711198308,0.8771929824561431
2002-12,-0.1872659176029967,-0.09842519685039353,-0.29440628066733643,0.2958579881656709,-1.1022044088176308,0.0,0.09940357852884496,0.0,0.0,-1.4749262536873142,0.6763285024154575
2003-01,0.46904315196998336,0.886699507389177,1.0826771653543288,0.2949852507374562,-0.4052684903748771,0.5958291956305706,0.19860973187686426,0.0,0.1982160555004775,1.896207584830334,1.3435700575815668
2003-02,1.0270774976657515,0.48828125,0.4868549172346581,0.19607843137254832,0.10172939979655737,0.09871668311944859,0.09910802775023875,0.19920318725097363,0.29673590504453173,0.3917727717923647,1.5151515151515138
2003-03,0.46210720887245316,0.09718172983479434,0.0,0.0,0.20325203252031798,0.09861932938854956,-0.1980198019801982,-0.09940357852882276,-0.6903353057199246,0.6829268292682933,0.3731343283581934
2003-04,0.4599816007359703,-0.6796116504854344,-0.6782945736434121,0.0,-0.5070993914807254,-0.19704433497537144,0.1984126984126977,0.0,-0.19860973187686426,-0.7751937984496138,-1.951672862453524
2003-05,0.45787545787545625,-0.19550342130987275,-0.19512195121951237,0.1956947162426559,0.8154943934760572,0.39486673247779436,0.0990099009900991,0.0,-0.19900497512438386,0.48828125,-1.4218009478673022
2003-06,0.27347310847767314,0.19588638589618235,0.09775171065493637,-0.0976562500000111,-1.5166835187057637,0.0,-0.19782393669632858,0.09950248756218638,0.09970089730808596,0.4859086491739495,-0.19230769230769162
2003-07,0.1818181818181941,0.19550342130987275,0.1953124999999778,0.0,0.4106776180698102,0.0983284169124854,0.09910802775023875,0.09940357852884496,-0.19920318725099584,-0.09671179883946612,0.28901734104045396
2003-08,0.3629764065335772,0.29268292682926855,0.3898635477582957,0.19550342130987275,-0.4089979550102152,-0.09823182711198308,0.6930693069306937,0.09930486593843213,0.1996007984031989,0.09680542110359625,1.729106628242083
2003-09,0.3616636528029016,0.1945525291828787,0.1941747572815622,0.29268292682926855,0.4106776180698102,0.1966568338249708,0.0983284169124854,0.1984126984126977,0.29880478087649376,0.19342359767891004,-0.2832861189801861
2003-10,0.09009009009008917,-0.09708737864077,-0.19379844961240345,0.29182879377431803,0.10224948875257045,0.0,0.0,0.1980198019801982,0.2979145978152964,0.28957528957529455,-1.609848484848475
2003-11,0.27002700270029045,0.19436345966956647,0.3883495145631022,0.09699321047527132,0.9193054136874323,0.19627085377820208,0.29469548133596035,-0.09881422924902239,0.2970297029702973,0.0,0.8662175168431041
2003-12,1.9748653500897495,0.4849660523763344,0.3868471953578201,0.0,0.10121457489880026,0.3917727717923647,0.0,0.0,-0.29615004935833467,0.4812319538017418,-0.0954198473282375
2004-01,0.528169014084523,0.09652509652511299,0.09633911368016612,0.19379844961240345,0.30333670374114163,-0.09756097560974508,0.19588638589618235,0.0,-0.099009900990088,-0.09578544061303873,1.0506208213944657
2004-02,0.17513134851139256,0.0,-0.09624639076035724,-0.09671179883946612,-0.7056451612903247,0.1953124999999778,-0.09775171065493637,0.09891196834816984,0.09910802775023875,0.2876318312559967,-0.1890359168241984
2004-03,0.34965034965033226,0.0,0.09633911368016612,0.09680542110359625,-0.20304568527919065,-0.09746588693956282,0.4892367906066619,-0.09881422924902239,0.1980198019801982,0.0,0.5681818181818343
2004-04,0.5226480836237002,0.2892960462873573,0.38498556304138454,0.19342359767891004,-0.20345879959308144,-0.29268292682926855,0.09737098344693162,0.3956478733926794,-0.09881422924902239,0.47801147227533036,0.47080979284368496
2004-05,0.08665511265164572,0.6730769230769207,0.7670182166826356,0.19305019305020377,0.10193679918450993,0.7827788649706457,0.0,-0.19704433497537144,0.09891196834816984,0.19029495718363432,3.2802249297094743
2004-06,0.5194805194805197,0.09551098376312517,0.0,0.0,0.10183299389001643,0.6796116504854455,0.09727626459143934,-0.19743336623889718,0.0,0.3798670465337217,-0.7259528130671433
2004-07,0.25839793281654533,0.0,-0.09514747859181716,0.09633911368016612,-1.0172939979654072,0.192864030858253,0.09718172983479434,0.0,-0.09881422924902239,0.2838221381267658,-0.5484460694698434
2004-08,0.3436426116838476,-0.0954198473282375,-0.19047619047619646,-0.09624639076035724,0.20554984583762703,0.38498556304138454,-0.1941747572815511,0.0,-0.19782393669632858,0.18867924528302993,-1.1029411764705954
2004-09,0.08561643835616195,0.09551098376312517,0.0,0.28901734104045396,0.10256410256410664,0.3835091083413289,0.3891050583657574,0.09891196834816984,0.1982160555004775,0.28248587570620654,-0.6505576208178376
2004-10,0.2566295979469668,0.3816793893129722,0.4770992366412319,0.09606147934679843,0.5122950819672178,0.5730659025787954,-0.09689922480621282,0.0,0.0,0.46948356807512415,0.6548175865294548
2004-11,0.0,0.47528517110266844,0.47483380816715215,0.19193857965451588,-0.3058103975535187,0.2849002849002913,-0.29097963142580285,0.09881422924900019,0.09891196834816984,0.37383177570093906,1.3940520446096727
2004-12,0.08532423208189588,0.09460737937558861,0.0,0.19157088122603305,-0.6134969325153339,0.0,0.5836575875486361,0.09871668311944859,0.0,0.09310986964616852,-0.5499541704857891
2005-01,0.34100596760444635,0.0,0.0,0.09560229445506607,-0.10288065843622185,-0.47348484848485084,0.0,0.09861932938854956,-0.09881422924902239,0.0,0.27649769585254
2005-02,0.0,0.0945179584121103,0.3780718336483968,0.09551098376312517,0.9268795056642798,-0.19029495718362321,0.3868471953578201,-0.09852216748768017,-0.19782393669632858,0.18604651162790198,0.4595588235294157
2005-03,0.679694137638065,0.28328611898016387,0.09416195856872811,0.0954198473282597,0.6122448979591688,0.4766444232602529,0.28901734104045396,0.09861932938854956,-0.09910802775026095,0.3714020427112219,0.9149130832570851
2005-04,0.0,0.18832391713747842,0.09407337723426057,-0.09532888465205724,-1.0141987829614618,1.0436432637571214,0.2881844380403509,-0.09852216748768017,0.09920634920634885,0.2775208140610719,0.8159564823209564
2005-05,0.33755274261604296,-0.09398496240602405,-0.187969924812037,0.1908396946564972,-0.10245901639344135,-0.09389671361501595,-0.09578544061303873,0.19723865877709912,-0.3964321110009994,0.18450184501843658,-0.2697841726618688
2005-06,0.1682085786375076,0.2822201317027151,0.47080979284368496,0.19047619047618536,0.41025641025642656,0.09398496240600185,0.2876318312559967,0.19685039370078705,0.19900497512437276,0.18416206261511192,0.36068530207393756
2005-07,0.25188916876575096,0.18761726078799779,0.18744142455482393,0.0,-0.40858018386108474,0.0,0.3824091778202643,0.0,0.09930486593843213,0.5514705882353033,0.4492362982928988
2005-08,0.16750418760467234,0.46816479400748623,0.467726847521055,0.19011406844107182,0.10256410256410664,0.3755868544601082,0.0,0.0,0.0,-0.0914076782449813,1.878354203935606
2005-09,0.33444816053511683,0.9319664492078328,1.2104283054003684,0.0948766603415585,0.5122950819672178,-0.0935453695042221,-0.19047619047619646,0.19646365422396617,0.09920634920634885,0.6404391582799596,2.4582967515364373
2005-10,-0.08333333333332416,-0.1846722068328699,-0.36798528058877844,0.09478672985780978,-0.917431192660545,0.3745318352059934,0.1908396946564972,-0.2941176470588225,-0.09910802775026095,0.6363636363636349,-2.3136246786632397
2005-11,0.2502085070892335,-0.18501387604069608,-0.1846722068328699,0.28409090909091717,-1.1316872427983626,-0.093283582089565,0.19047619047618536,0.4916420845624492,-0.09920634920634885,0.09033423667570428,-0.7017543859649145
2005-12,-0.24958402662229595,0.0926784059314123,0.09250693802036469,0.09442870632672129,1.0405827263267442,0.2801120448179484,0.19011406844107182,0.0,0.09930486593843213,-0.27075812274367506,-0.08833922261485272
2006-01,0.08340283569641116,0.8333333333333304,0.0,0.18867924528302993,-0.9268795056642576,0.4655493482309092,0.0,0.29354207436398383,0.09920634920634885,1.17647058823529,1.4146772767462457
2006-02,0.4166666666666652,-0.36730945821855654,-0.1848428835489857,0.09416195856872811,-0.519750519750517,0.0,0.0948766603415585,-0.19512195121951237,-0.1982160555004997,-0.08944543828264262,-1.7436791630340065
2006-03,0.8298755186721962,0.09216589861751334,0.6481481481481532,0.18814675446849893,0.8359456635318674,0.1853568118628246,0.18957345971564177,-0.09775171065493637,0.0,0.1790510295434311,1.3309671694764935
2006-04,0.3292181069958877,0.4604051565377576,0.7359705611775569,0.09389671361501595,-0.9326424870466421,0.0,0.0,-0.09784735812133905,0.0,0.2680965147453085,3.239929947460607
2006-05,-0.08203445447088065,0.09165902841430373,0.36529680365298134,0.18761726078799779,0.8368200836820217,0.18501387604070718,0.09460737937558861,0.19588638589618235,0.2979145978152964,0.7130124777183555,-0.08481764206955678
2006-06,0.0,-0.09157509157510235,-0.27297543221110887,-0.0936329588014928,-0.8298755186722073,0.27700831024930483,0.0945179584121103,-0.09775171065493637,-0.2970297029702973,-0.1769911504424848,-0.4244482173174857
2006-07,-0.24630541871920597,0.09165902841430373,0.09124087591241281,-0.09372071227742307,-0.7322175732217495,0.18416206261511192,-0.18885741265345368,-0.5870841487279899,-0.2979145978152853,0.35460992907800915,0.8525149190110826
2006-08,0.24691358024691024,0.1831501831501825,0.1823154056517895,0.2814258911820078,0.9483667017913477,0.4595588235294157,-0.09460737937559971,0.2952755905512028,-0.09960159362550902,0.26501766784452485,-0.2535925612848655
2006-09,0.16420361247948545,-0.3656307129798919,-0.5459508644222066,0.1870907390083998,0.20876826722338038,0.36596523330283404,0.37878787878788955,0.09813542688910104,-0.09970089730807485,0.4405286343612369,-4.406779661016946
2006-10,0.16393442622950616,0.09174311926605228,-0.36596523330282293,0.2801120448179484,-0.10416666666666075,0.45578851412944044,0.18867924528302993,0.19607843137254832,0.09980039920158834,0.0877192982456032,-0.9751773049645363
2006-11,0.08183306055646877,0.36663611365719273,0.18365472910926162,0.09310986964616852,0.10427528675702735,0.1814882032667997,0.18832391713747842,0.09784735812132794,0.3988035892322994,0.0,0.8952551477170889
2006-12,0.7358953393295176,0.36529680365298134,0.18331805682860747,0.09302325581395099,-0.9375000000000022,-0.45289855072463414,0.0,0.0,0.09930486593843213,0.4382120946538226,1.2422360248447228
2007-01,0.8116883116883189,0.27297543221109777,-0.18298261665141702,0.3717472118959231,1.3669821240799296,0.6369426751592355,0.1879699248120259,0.2932551319648091,0.3968253968253954,0.17452006980802626,-0.7011393514461006
2007-02,0.0,0.3629764065335772,0.5499541704858002,0.18518518518517713,-0.7261410788381717,1.5370705244122984,0.09380863039401,0.19493177387914784,0.09881422924900019,0.08710801393729817,0.7943512797881747
2007-03,-0.08051529790661371,0.5424954792043524,1.0938924339106704,0.1848428835489857,-0.10449320794149175,-0.2671415850400649,-0.09372071227742307,0.1945525291828787,0.19743336623889718,0.4351610095735481,3.0647985989492144
2007-04,0.3223207091055613,0.2697841726618577,0.45085662759243306,0.2767527675276771,1.778242677824271,0.08928571428570287,0.09380863039401,0.0,-0.09852216748768017,0.6932409012131657,0.7646559048428037
2007-05,0.5622489959839383,0.0,0.538599640933568,0.09199632014718073,-1.4388489208633004,0.0,0.281162136832247,-0.09708737864077,0.19723865877709912,-0.1721170395869165,1.770657672849918
2007-06,0.39936102236421966,-0.17937219730942422,-0.17857142857142794,0.09191176470588758,-1.355578727841511,-0.1784121320249632,0.4672897196261738,0.19436345966956647,0.19685039370078705,0.6896551724137945,-1.2427506213753103
2007-07,0.23866348448686736,0.08984725965859308,0.08944543828266482,0.2754820936639035,1.5856236786469413,0.0,0.0,0.29097963142581396,0.19646365422396617,0.1712328767123239,-0.5872483221476488
2007-08,0.07936507936507908,-0.08976660682227244,-0.17873100983021306,0.09157509157509125,-0.41623309053069324,0.0,0.09302325581395099,0.3868471953578201,0.0,0.512820512820511,-1.8565400843881918
2007-09,0.3965107057890549,0.3593890386343279,0.35810205908684,0.18298261665141702,-0.7314524555903867,-0.08936550491510653,0.0,-0.28901734104046506,0.0,0.1700680272108901,0.5159071367153878
2007-10,-0.23696682464454666,0.1790510295434311,-0.267618198037467,-0.09132420091323423,0.21052631578948322,-0.08944543828264262,0.09293680297397522,-0.09661835748792091,0.0,0.7640067911714787,-1.4542343883661268
2007-11,0.15835312747427555,0.2680965147453085,0.17889087656530744,0.0,0.21008403361344463,0.0,0.0,0.0,0.09803921568627416,0.08424599831506896,1.302083333333326
2007-12,-0.2371541501976271,0.35650623885916666,0.0,0.0914076782449591,0.10482180293500676,0.08952551477170445,0.18570102135562205,0.29013539651836506,-0.09794319294808007,0.33670033670034627,0.6855184233076184
2008-01,0.15847860538826808,-0.1776198934280493,0.44642857142858094,-0.09132420091323423,-1.1518324607329822,0.26833631484795006,-0.0926784059314234,-0.0964320154291265,-0.39215686274510775,0.0,1.0212765957446912
2008-02,0.31645569620253333,0.177935943060481,0.0888888888888939,0.1828153564899404,0.10593220338981357,0.3568242640499708,0.09276437847867136,0.38610038610038533,0.3937007874015741,0.3355704697986406,-0.2527379949452402
2008-03,-0.1577287066246047,0.1776198934280604,0.2664298401421128,0.09124087591241281,-0.31746031746031633,0.2666666666666595,0.3707136237256714,-0.09615384615384581,0.0,0.4180602006689016,-0.33783783783783994
2008-04,0.07898894154818592,0.44326241134751143,0.44286979627989886,0.1823154056517895,-0.7430997876857748,0.26595744680850686,0.0,0.2887391722810273,0.09803921568627416,0.915903413821817,1.3559322033898313
2008-05,0.5524861878453136,0.7060900264783676,0.6172839506172645,0.09099181073701779,-0.7486631016042855,1.0610079575596787,0.0,0.0,0.2938295788442735,0.3300330033003229,1.755852842809369
2008-06,0.23547880690737433,0.7011393514461117,0.7011393514461117,0.27272727272726893,1.2931034482758674,0.7874015748031482,0.0,0.09596928982724684,-0.0976562500000111,0.5756578947368363,1.8898931799506968
2008-07,-0.0783085356303892,0.4351610095735481,0.26109660574411553,0.09066183136900996,0.8510638297872353,0.694444444444442,0.09233610341643494,0.19175455417066445,-0.09775171065493637,0.8176614881439059,0.0
2008-08,-0.07836990595611049,0.0,-0.17361111111111605,0.18115942028984477,-0.5274261603375519,0.6896551724137945,0.830258302583009,0.0,0.29354207436398383,0.40551500405514584,-1.2903225806451535
2008-09,0.39215686274509665,0.08665511265164572,0.0,0.0,-0.31813361611876534,1.0273972602739656,-0.09149130832570851,0.8612440191387627,-0.09756097560974508,-0.5654281098546043,-0.08169934640523957
2008-10,0.0,-0.6926406926406892,-0.9565217391304337,-0.1808318264014397,-1.382978723404249,0.4237288135593209,0.09157509157509125,-0.189753320683117,-0.1953125,0.08123476848092004,-3.270645952575635
2008-11,0.390625,-0.34873583260680574,-0.7023705004389869,0.5434782608695565,0.21574973031284195,1.0126582278481067,0.5489478499542733,0.3802281368821214,-0.195694716242667,0.16233766233766378,-3.4657650042265398
2008-12,0.15564202334630295,-0.34995625546805353,-0.4420866489831976,0.09009009009008917,-0.21528525296017342,0.1670843776107045,0.18198362147405778,0.18939393939394478,0.0,0.0,-2.189141856392296
2009-01,0.38850038850037905,-0.17559262510974394,-0.2664298401420906,-0.36003600360035026,1.6181229773462702,0.417014178482078,0.4541326067211582,0.0945179584121103,-0.09803921568627416,-0.2431118314424774,-1.7009847806624956
2009-02,0.0,0.3518029903254005,0.44523597506678225,0.27100271002709064,0.2123142250530785,0.4983388704318914,0.0904159132007365,0.28328611898016387,0.4906771344455274,0.08123476848092004,1.5482695810564717
2009-03,0.38699690402477227,-0.08764241893075564,-0.26595744680850686,0.09009009009008917,-0.423728813559332,0.33057851239670644,0.18066847335140857,0.37664783427493465,0.09765625,-0.48701298701299134,-0.7174887892376636
2009-04,0.0,-0.2631578947368429,-0.3555555555555645,0.09000900090010422,0.0,0.08237232289949326,0.09017132551847329,0.46904315196998336,0.39024390243902474,-0.9787928221859588,-0.8130081300813052
2009-05,1.156515034695449,0.4397537379067673,0.4460303300624524,0.17985611510791255,-0.6382978723404209,0.0,0.8108108108108247,0.37348272642390157,0.2915451895043608,0.0,1.6393442622950838
2009-06,0.3048780487804992,0.4378283712784592,0.6216696269982336,0.17953321364452268,-0.9635974304068595,0.08230452674897748,0.536193029490617,-0.09302325581395099,-0.09689922480621282,-0.08237232289951546,2.6881720430107503
2009-07,-0.07598784194527974,-0.34873583260680574,-0.5295675198587757,0.0,0.864864864864856,0.0,0.0,-0.09310986964619072,0.09699321047527132,-0.3297609233305798,-1.3961605584642212
2009-08,-0.07604562737641984,0.17497812773403787,0.3549245785270605,0.0,-0.4287245444801635,-0.1644736842105199,-0.2666666666666595,-0.18639328984156878,0.09689922480620172,0.16542597187758634,1.2389380530973604
2009-09,-0.07610350076102668,0.08733624454146938,0.0,0.0,0.0,-0.16474464579900872,1.158645276292325,0.5602240896358524,0.09680542110359625,-0.16515276630882925,-0.786713286713292
2009-10,0.07616146230007281,0.17452006980802626,0.2652519893899363,0.08960573476703981,-0.10764262648009781,0.08250825082507518,-0.4405286343612369,0.18570102135562205,0.29013539651836506,0.2481389578163684,0.9691629955947079
2009-11,-0.07610350076102668,0.5226480836237002,0.6172839506172645,0.1790510295434311,1.18534482758621,0.41220115416322756,0.3539823008849696,0.556070435588496,0.0964320154291265,0.08250825082507518,1.4834205933682343
2009-12,-0.07616146230009502,0.0,0.0,0.0,-0.42598509052184097,0.24630541871921707,0.0,-0.6451612903225823,-0.09633911368014392,0.0,0.6018916595012858
2010-01,-0.07621951219511924,0.34662045060658286,0.35056967572304476,0.17873100983019086,-0.7486631016042855,0.08190008190009923,0.6172839506172645,0.2782931354359919,-0.192864030858253,0.41220115416322756,0.512820512820511
2010-02,0.22883295194509046,0.08635578583766623,0.08733624454146938,0.4460303300624524,-0.9698275862068839,0.16366612111293755,-0.08764241893075564,0.0,2.0289855072463725,0.0,-0.08503401360543394
2010-03,0.07610350076103778,-0.2588438308887109,-0.3490401396160525,-0.4440497335701621,0.10881392818280489,0.40849673202614234,-0.2631578947368429,0.0,-2.2727272727272596,-0.08210180623973162,-0.5957446808510625
2010-04,0.22813688212928174,0.0,0.08756567425569628,0.3568242640499708,0.6521739130434634,-0.16273393002441683,0.6156552330694787,0.18501387604070718,0.09689922480620172,0.5751848808545734,-0.7705479452054687
2010-05,0.22761760242790974,0.08650519031143666,0.08748906386701893,0.0,-0.647948164146861,-0.16299918500407573,-0.08741258741259417,0.27700831024930483,-0.38722168441431837,0.4901960784313708,0.08628127696288512
2010-06,0.07570022710068347,0.2592912705272177,0.17482517482516613,0.2666666666666595,0.0,0.0,0.17497812773403787,0.0,0.5830903790087438,0.24390243902439046,0.4310344827586299
2010-07,1.7397881996974451,0.5172413793103292,0.43630017452007674,0.26595744680850686,-1.0869565217391353,0.40816326530612734,1.1353711790393017,0.7366482504604255,0.48309178743961567,0.8110300081102917,0.17167381974250162
2010-08,-0.07434944237917351,-0.08576329331045907,0.08688097306690512,0.0,0.3296703296703285,0.24390243902439046,0.2590673575129543,-0.1828153564899515,-0.09615384615384581,-0.24135156878519748,0.5998286203941827
2010-09,0.0,0.17167381974250162,0.08680555555555802,0.08841732979665284,-0.766703176341732,0.32441200324413444,-0.08613264427217437,-0.09157509157510235,0.09624639076033503,-0.08064516129031585,0.25553662691653045
2010-10,0.07440476190476719,0.5998286203941827,0.6938421509106618,0.26501766784452485,1.103752759381904,0.08084074373484462,0.17241379310344307,0.18331805682860747,0.38461538461538325,0.5649717514124131,2.0390824129141727
2010-11,0.07434944237918462,0.25553662691653045,0.3445305770887197,0.08810572687223406,-0.6550218340611313,-0.3231017770597644,-0.1721170395869165,0.18298261665141702,0.09578544061301653,-0.16051364365969878,1.1656952539550458
2010-12,0.0,0.4248088360237823,0.42918454935623185,0.17605633802817433,0.5494505494505475,0.6482982171799101,0.08620689655172153,0.09132420091324533,0.2870813397129135,0.1607717041800516,0.7407407407407529
2011-01,0.4457652303120341,0.16920473773265332,0.17094017094017033,0.08787346221441616,-0.5464480874316946,0.32206119162641045,-0.08613264427217437,0.18248175182482562,0.3816793893129722,-0.08025682182984939,0.6535947712418277
2011-02,-0.14792899408283544,-0.08445945945946276,-0.17064846416382506,0.0,-0.5494505494505475,0.08025682182986049,0.17241379310344307,0.0,0.0950570342205248,0.0,0.08116883116882079
2011-03,-0.1481481481481417,0.6762468300929747,0.512820512820511,0.26338893766462146,1.2154696132596676,1.6840417000801855,0.43029259896729677,0.45537340619308253,0.2849002849002913,0.08032128514054993,0.7299270072992803
2011-04,0.14836795252224366,0.4198152812762368,0.3401360544217802,0.0,-0.7641921397379736,0.1577287066246047,0.1713796058269157,-0.6346328195829587,-0.09469696969696129,0.48154093097914075,1.2077294685990392
2011-05,0.5185185185185182,0.33444816053511683,0.3389830508474523,0.4378283712784592,1.5401540154015292,0.3937007874015741,0.0,0.5474452554744547,-0.09478672985780978,0.0,0.7159904534606243
2011-06,-0.07369196757552876,-0.33333333333334103,-0.33783783783783994,-0.34873583260680574,-0.10834236186347823,0.39215686274509665,-0.17108639863131492,0.45372050816696596,-0.09487666034156961,0.15974440894568342,-1.421800947867291
2011-07,0.36873156342183133,0.16722408026756952,0.16949152542373724,0.17497812773403787,-0.10845986984816536,0.31250000000000444,0.1713796058269157,0.0,0.18993352326686086,0.3987240829345984,-0.24038461538461453
2011-08,0.0,0.25041736227044975,0.2538071065989911,0.26200873362445254,0.0,0.15576323987538387,0.34217279726260763,0.7226738934055899,-0.37914691943128354,0.2382843526608447,0.8835341365461824
2011-09,-0.14695077149153857,0.33305578684430515,0.33755274261604296,0.435540069686402,0.9771986970684043,0.38880248833592645,0.17050298380221207,0.0,0.2854424357754626,-0.3961965134706813,1.0350318471337605
2011-10,-0.07358351729211954,0.3319502074688785,0.1682085786375076,0.0,-0.10752688172042113,0.07745933384972759,0.08510638297871687,0.2690582959641308,-0.09487666034156961,0.6364359586316537,0.7092198581560183
2011-11,0.0,0.08271298593878207,0.16792611251050804,0.17346053772766545,-0.6458557588805314,0.1547987616099311,0.1700680272108901,0.26833631484795006,-0.2849002849002802,-0.15810276679841806,0.5477308294209671
2011-12,0.0,-0.16528925619835322,-0.08382229673092878,-0.08658008658007921,-0.43336944745394623,0.23183925811436357,0.4244482173174857,0.0,0.0,0.39588281868567776,-1.4007782101167265
2012-01,0.3681885125184081,0.5794701986755024,0.3355704697986406,0.34662045060658286,0.7616974972796342,0.23130300693909867,-0.08453085376162184,0.267618198037467,0.0,0.23659305993690705,1.1838989739542116
2012-02,0.22010271460013442,-0.08230452674896638,0.08361204013378476,-0.08635578583764403,0.4319654427645814,-0.15384615384614886,0.2538071065989911,0.177935943060481,0.09523809523808158,-0.15735641227379027,0.15600624024962872
2012-03,0.6588579795022032,0.08237232289949326,0.08354218880535225,0.17286084701815252,-0.7526881720430145,-0.0770416024653442,0.08438818565399409,-0.1776198934280493,0.4757373929590969,-0.23640661938535423,0.3894080996884819
2012-04,0.1454545454545375,0.3292181069958877,0.25041736227044975,0.4314063848144922,0.650054171180936,0.38550501156515704,-0.0843170320404707,0.0889679715302405,0.37878787878788955,0.0,0.9309542280837801
2012-05,0.0,-0.3281378178835115,-0.24979184013321776,-0.085910652920973,-1.076426264800856,0.23041474654379446,0.08438818565399409,0.2666666666666595,0.09433962264151496,0.07898894154818592,-1.6910069177555664
2012-06,-0.1452432824981753,-0.24691358024691024,-0.16694490818029983,-0.08598452278589797,-0.21762785636562088,-0.07662835249041544,0.0843170320404818,0.17730496453900457,-0.09425070688029447,0.23677979479084232,-1.2509773260359736
2012-07,0.07272727272726875,0.0,-0.16722408026754731,-0.1721170395869165,-0.4362050163576936,0.4601226993864893,-0.08424599831509116,0.0,-0.18867924528301883,0.15748031496063408,-0.23752969121140222
2012-08,0.21802325581397053,0.4125412541254203,0.3350083752093669,0.08620689655172153,-0.4381161007666945,0.3053435114503955,0.8431703204047292,-0.08849557522123686,0.3780718336483968,0.15723270440251014,1.2698412698412653
2012-09,-0.14503263234229014,0.16433853738702098,0.16694490818029983,0.08613264427219658,0.44004400440043057,-0.15220700152208666,-0.9197324414715657,0.26572187776794376,-0.18832391713747842,-0.15698587127158659,0.8620689655172376
2012-10,0.07262164124910431,0.24610336341264194,0.24999999999999467,0.0860585197934638,0.3285870755750153,0.3810975609756184,0.25316455696202667,0.17667844522968323,-0.09433962264150386,0.3144654088050203,0.4662004662004948
2012-11,0.36284470246734646,-0.08183306055646877,-0.08312551953448821,0.17196904557179593,0.21834061135370675,0.0,-0.08417508417507547,0.17636684303350414,0.47214353163360645,-0.07836990595611049,-0.850734725444724
2012-12,0.0,-0.08190008190007703,-0.08319467554077642,0.0,0.21786492374729072,0.0,0.08424599831506896,0.0,0.0,0.0,-0.3900156006240163
2013-01,0.433839479392617,0.08196721311475308,0.08326394671107629,0.0,-0.7608695652173925,-0.4555808656036442,-0.16835016835017313,0.2640845070422726,-0.187969924812037,0.23529411764706687,0.0
2013-02,0.3599712023038215,0.6552006552006606,0.7487520798668879,0.42918454935623185,1.2048192771084487,0.9153318077803396,0.0,0.17559262510973284,-0.28248587570620654,0.07824726134586513,2.662490211433033
2013-03,0.2869440459110528,-0.08136696501220841,-0.24772914946324942,0.0,0.5411255411255311,0.0,0.0,0.2629272567922891,-0.09442870632673239,0.07818608287724071,-1.6018306636155555
2013-04,0.21459227467810482,-0.4071661237785018,-0.3311258278145601,0.0,-0.5382131324004336,-0.22675736961451642,-0.2529510961214121,-0.17482517482517723,0.0,0.15624999999999112,-0.9302325581395321
2013-05,0.7137758743754441,0.0,0.08305647840531893,0.0,0.10822510822510178,0.0,-0.2535925612848655,-0.26269702276707774,0.0945179584121103,0.07800312012482546,-0.15649452269170805
2013-06,-0.14174344436569397,0.24529844644316512,0.24896265560165887,0.08547008547008517,-0.108108108108107,0.0,0.16949152542373724,0.08779631255486642,0.0,0.1558846453624252,0.9404388714733702
2013-07,-0.2838892831795614,0.16313213703100793,0.16556291390728006,0.0853970964987294,0.0,0.15151515151514694,-0.08460236886633776,0.35087719298245723,0.37771482530688516,0.23346303501945442,0.07763975155279379
2013-08,-0.0711743772241924,0.08143322475571146,0.0,0.0,0.43290043290042934,0.5295007564296572,0.0,-0.08741258741259417,0.0,0.0,0.07757951900697613
2013-09,0.35612535612534746,0.16273393002439462,0.16528925619834212,0.08532423208189588,-1.0775862068965525,0.0,0.2540220152413397,0.17497812773403787,-0.18814675446848783,0.15527950310558758,0.3875968992248069
2013-10,0.07097232079489313,-0.08123476848090894,-0.16501650165017256,0.08525149190110604,-0.6535947712418277,0.0,-0.2533783783783883,0.08733624454146938,0.18850141376061114,0.15503875968991832,0.0
2013-11,0.07092198581559739,0.1626016260162677,0.24793388429751317,0.08517887563883608,0.21929824561404132,0.22573363431150906,-0.08467400508043177,0.08726003490402423,0.470366886171214,0.46439628482974893,-0.6177606177606321
2013-12,0.07087172218285254,0.32467532467532756,0.4946413849958864,0.2553191489361728,0.8752735229759168,-0.15015015015014122,0.16949152542373724,0.43591979075849885,0.0,0.07704160246533309,1.243201243201253
2014-01,-0.07082152974503542,0.24271844660195274,0.1640689089417391,0.1697792869270076,0.32537960954446277,-0.300751879699257,0.08460236886631556,0.0,0.3745318352059934,0.4618937644341736,-0.07674597083654477
2014-02,1.3465627214741316,0.32284100080710587,0.40950040950040734,0.25423728813558366,-0.4324324324324391,0.6787330316742057,0.08453085376163294,0.0,0.2798507462686617,0.15325670498083088,0.9984639016897168
2014-03,1.538461538461533,0.16090104585679832,0.08156606851550396,0.0,-0.21715526601518986,0.2996254681647992,0.0,0.17361111111111605,-0.558139534883717,0.5355776587605332,-0.3041825095057127
2014-04,-0.06887052341597588,0.40160642570281624,0.24449877750611915,0.16906170752324368,0.9793253536452662,0.5227781926810948,0.16891891891890332,-0.08665511265165682,0.0,0.7610350076103556,0.15255530129674177
2014-05,0.4824259131633424,0.07999999999999119,0.1626016260162677,0.16877637130801038,0.4310344827586299,0.3714710252600284,0.2529510961214232,0.2601908065914982,0.280636108512633,0.1510574018126709,-0.22848438690024064
2014-06,0.4801097393689835,0.23980815347721673,0.08116883116882079,0.16849199663016012,0.5364806866952732,0.5921539600296066,-0.0841042893187649,0.4325259515570945,0.1865671641791078,-0.3016591251885359,0.22900763358779663
2014-07,0.4095563139931757,0.0,0.0,0.0841042893187538,-0.10672358591249376,0.07358351729211954,0.2525252525252597,0.0,-0.09310986964619072,0.302571860816947,-0.4569687738004702
2014-08,0.7477906186267758,0.07974481658692412,0.16220600162206722,0.42016806722688926,-0.5341880341880323,-0.14705882352940014,0.08396305625526512,1.2058570198105079,0.37278657968313755,-0.15082956259425684,0.07651109410866663
2014-09,0.2024291497975783,0.1593625498008011,0.08097165991902688,0.0,0.5370569280343629,0.589101620029453,0.0838926174496546,0.08510638297871687,0.0,0.07552870090634656,-0.3822629969418956
2014-10,0.471380471380467,0.15910898965791898,0.08090614886731018,0.2510460251045954,0.42735042735042583,0.07320644216690653,-0.25146689019278634,0.25510204081633514,0.278551532033422,0.22641509433962703,0.15349194167304514
2014-11,0.20107238605899802,-0.1588562351072298,-0.24252223120452276,0.08347245409014992,0.0,0.5120702267739752,0.6722689075630228,0.3392705682782049,-0.37037037037037646,0.0,-1.4559386973180155
2014-12,0.06688963210701449,-0.15910898965791898,-0.16207455429497752,0.16680567139282232,-0.10638297872339608,0.4366812227074135,0.0,0.16906170752324368,0.27881040892194786,0.1506024096385561,-1.3996889580093264
2015-01,0.33422459893048817,-0.3187250996016022,-0.5681818181818232,0.08326394671107629,0.42598509052182987,0.43478260869564966,0.16694490818029983,0.0,0.0926784059314123,0.07518796992480592,-2.8391167192428957
2015-02,0.26648900732844094,0.3197442046362964,0.4897959183673528,0.16638935108153063,0.0,0.07215007215006786,0.08333333333332416,0.33755274261604296,0.6481481481481532,0.0,1.298701298701288
2015-03,0.0664451827242507,0.47808764940238113,0.32493907392363575,0.2491694352159346,0.21208907741252503,0.21629416005768398,-0.24979184013321776,0.1682085786375076,0.18399264029438367,0.15026296018032514,1.2019230769230838
2015-04,0.5312084993359889,-0.23790642347343294,-0.16194331983805377,0.08285004142500885,-0.2116402116402183,0.2877697841726645,0.08347245409014992,0.3358522250209939,-0.5509641873278293,-0.15003750937735427,-0.5542359461599422
2015-05,0.06605019815058011,0.3974562798092274,0.32441200324413444,0.16556291390728006,-0.42417815482501675,0.5738880918220834,0.417014178482078,0.0,0.9233610341643494,0.07513148009015147,0.79617834394905
2015-06,0.26402640264027166,0.39588281868567776,0.3233629749393563,0.08264462809917106,0.0,0.14265335235379428,0.0,0.08368200836819106,0.36596523330283404,0.22522522522523403,1.3428120063191384
2015-07,0.13166556945358732,0.23659305993690705,0.3223207091055613,0.24772914946327163,0.8519701810436597,-0.07122507122506727,0.2491694352159346,0.16722408026756952,-0.09115770282589475,0.22471910112360494,0.3117692907248504
2015-08,0.13149243918475495,0.0,0.0,0.16474464579900872,0.31678986272438703,0.28510334996434405,-0.24855012427505985,0.5008347245408995,0.45620437956204185,0.07473841554559435,-0.5439005439005329
2015-09,0.32829940906107247,-0.07867820613689513,-0.24096385542168308,0.164473684210531,-0.10526315789473051,0.5685856432125158,0.2491694352159346,0.16611295681061566,0.18165304268846771,0.0,-1.8750000000000044
2015-10,0.06544502617800152,0.15748031496063408,0.08051529790660261,0.08210180623975383,0.0,0.6360424028268641,0.08285004142500885,-0.08291873963515162,0.09066183136900996,0.29873039581778116,0.5573248407643394
2015-11,0.7194244604316502,0.07861635220125507,0.08045052292839916,0.08203445447088065,0.5268703898840821,-0.1404494382022614,0.5794701986755024,-0.4149377593360981,-0.45289855072463414,0.07446016381236209,0.39588281868567776
2015-12,0.12987012987011326,0.07855459544383603,0.0803858520900258,0.08196721311475308,-1.2578616352201255,0.6329113924050667,-0.16460905349794386,0.16666666666667052,0.27297543221109777,0.07440476190476719,0.23659305993690705
2016-01,0.45395590142673914,0.07849293563579884,-0.08032128514056103,0.16380016380017626,-0.31847133757961776,0.6289308176100628,0.16488046166529546,0.16638935108153063,0.27223230490018846,0.07434944237918462,-0.9441384736427971
2016-02,0.32278889606196515,-0.15686274509804088,-0.2411575562701107,0.0,-0.7454739084132078,0.1388888888888884,0.0,0.41528239202657247,-0.09049773755656076,0.07429420505200568,-1.0325655281969937
2016-03,0.45045045045044585,0.3142183817753441,0.3223207091055613,0.40883074407196407,1.1802575107296098,0.06934812760057696,0.16460905349795496,0.2481389578163684,0.18115942028984477,0.07423904974017681,0.6420545746388617
2016-04,0.19218449711724261,0.1566170712607784,0.40160642570281624,0.24429967426708998,0.0,-0.5544005544005581,0.16433853738702098,0.24752475247524774,0.0904159132007365,0.07418397626113293,1.1961722488038173
2016-05,-0.06393861892582953,0.31274433150898506,0.40000000000000036,0.2437043054427379,0.6362672322375529,-0.4878048780487698,0.1640689089417391,0.3292181069958877,0.27100271002709064,0.148257968865817,0.8668242710795804
2016-06,0.0,0.23382696804363778,0.3187250996016022,0.16207455429497752,0.10537407797681642,-0.42016806722691147,0.0,0.1640689089417391,0.0,0.37009622501851247,0.78125
2016-07,0.38387715930900956,-0.07776049766717863,0.0,0.16181229773462036,-0.8421052631578885,0.14064697609001975,0.0,0.08190008190009923,0.45045045045044585,0.2949852507374784,-0.6201550387596955
2016-08,0.06373486297004405,0.07782101167315147,0.0794281175536149,0.08077544426494665,0.31847133757960666,-0.1404494382022614,0.3276003276003303,0.08183306055646877,-0.08968609865470656,0.14705882352941124,0.07800312012482546
2016-09,0.31847133757962887,0.15552099533437946,0.23809523809523725,0.16142050040355294,0.6349206349206327,-0.42194092827003704,0.08163265306122547,-0.24529844644316512,0.35906642728904536,0.0,0.5455962587685104
2016-10,0.3809523809523707,0.23291925465838137,0.3167062549485289,0.0,-0.3154574132492094,-0.07062146892654608,0.16313213703100793,0.0,0.26833631484795006,0.5139500734214542,0.8527131782945618
2016-11,0.12650221378875948,-0.15491866769944407,-0.15785319652723562,0.0,-0.6329113924050556,-0.07067137809186885,0.08143322475571146,-0.3278688524590234,0.3568242640499708,0.21913805697588717,-0.9223674096848544
2016-12,0.31585596967782514,0.3103180760279267,0.4743083003952542,0.241740531829171,0.10615711252652815,-0.21216407355022504,0.08136696501219731,0.164473684210531,0.3555555555555534,0.07288629737611796,1.3964313421256591
2017-01,0.25188916876572875,0.6187161639597649,0.7081038552321006,0.4019292604501512,-0.21208907741251393,-0.2126151665485354,0.3252032520325354,0.08210180623975383,0.8857395925597977,0.36416605972322547,2.1423106350420884
2017-02,0.12562814070353756,-0.1537279016141313,-0.15625000000000222,0.0,-0.2125398512220933,0.07102272727272929,0.0,-0.24610336341264194,0.08779631255486642,-0.14513788098694524,-0.44943820224718767
2017-03,0.0627352572145412,-0.15396458814473934,-0.312989045383405,0.0,0.0,0.2838892831795725,0.24311183144245518,-0.24671052631578538,0.43859649122806044,0.07267441860465684,-1.1286681715575675
2017-04,0.25078369905957576,0.30840400925211675,0.31397174254317317,0.0,-1.5974440894568676,0.566171266808202,0.16168148746968924,0.577081615828523,-0.17467248908297206,0.1452432824981864,0.6088280060882578
2017-05,0.18761726078797558,-0.1537279016141313,-0.312989045383405,0.16012810248198228,1.298701298701288,0.4222378606615118,0.08071025020177647,0.16393442622950616,-0.6124234470691214,-0.14503263234229014,-0.9833585476550555
2017-06,0.37453183520601563,0.0,-0.07849293563579884,0.1598721023181371,-0.3205128205128194,0.21023125437982237,0.1612903225806539,0.16366612111293755,0.4401408450704247,0.07262164124910431,-0.8403361344537785
2017-07,0.43532338308456264,0.15396458814471714,0.15710919088767206,0.15961691939345712,0.8574490889603492,0.20979020979021712,0.32206119162641045,-0.326797385620925,-0.4382120946538115,-0.07256894049348928,0.6933744221879534
2017-08,0.12383900928791824,0.2305918524212247,0.31372549019608176,0.07968127490038945,-0.10626992561104665,0.13956734124214165,0.08025682182986049,0.0,-0.08802816901407606,0.21786492374729072,0.9946442234123998
2017-09,0.37105751391466324,0.23006134969323355,0.23455824863172214,0.0,-0.9574468085106425,0.0,-0.0801924619085903,-0.3278688524590234,0.7048458149779613,0.07246376811593791,1.5151515151515138
2017-10,0.061614294516321166,0.15302218821731106,0.15600624024962872,0.23885350318473275,0.3222341568206444,-0.06968641114981633,0.40128410914928025,0.49342105263159297,-0.43744531933508357,0.3620564808110016,0.0
2017-11,0.24630541871921707,0.6111535523300127,0.7009345794392496,0.3177124702144596,0.6423982869379063,0.20920502092049986,-0.559552358113502,0.40916530278232166,0.7029876977152849,0.21645021645022577,1.8656716417910557
2017-12,0.1842751842751733,0.07593014426729994,0.15467904098993568,0.15835312747427555,0.5319148936170137,0.06958942240780086,0.4823151125401992,-1.0594947025264867,-0.2617801047120394,0.21598272138227959,0.293040293040292
2018-01,0.3065603923972926,0.3793626707132125,0.3088803088803216,0.2371541501976271,0.0,0.13908205841446364,0.16000000000000458,1.1532125205930832,0.17497812773403787,0.35919540229885083,0.36523009495983416
2018-02,0.4889975550122383,0.22675736961450532,0.4618937644341736,0.3154574132492094,-0.31746031746031633,0.0694444444444331,0.31948881789136685,0.4071661237784907,0.17467248908296096,0.21474588403722628,0.8733624454148492
2018-03,0.9732360097323589,0.07541478129713397,0.0,0.0,-0.31847133757961776,-0.0693962526023606,0.5573248407643394,-0.48661800486617945,0.9590235396687019,0.0,-0.21645021645020357
2018-04,0.9036144578313143,0.0753579502637658,0.07662835249042654,0.07861635220125507,0.6389776357827337,0.4166666666666652,-0.3167062549485289,0.8149959250203676,-1.6407599309153587,0.2142857142857224,-0.2169197396963196
2018-05,0.05970149253731183,0.07530120481926694,0.07656967840734552,-0.15710919088767206,-0.2116402116402183,-0.20746887966803795,0.0794281175536149,-0.8892481810832686,1.1413520632133523,0.07127583749109156,0.14492753623187582
2018-06,0.5369928400954738,0.15048908954100604,0.07651109410866663,0.31471282454760274,0.6362672322375529,0.4158004158004047,0.15873015873015817,-0.2446982055464897,-0.78125,0.07122507122505617,0.651230101302458
2018-07,0.17804154302671904,0.45078888054095323,0.4587155963302614,0.39215686274509665,-0.21074815595364393,0.20703933747410197,-0.07923930269414514,0.49059689288635244,1.3998250218722808,0.3558718861210064,0.7189072609633307
2018-08,0.35545023696681444,0.14958863126404154,0.15220700152205335,0.15624999999999112,0.0,0.3443526170798794,0.23790642347343294,0.08136696501219731,0.08628127696288512,0.14184397163119478,0.21413276231263545
2018-09,0.11806375442737771,-0.07468259895443419,-0.1519756838905706,0.0,-0.21119324181626542,0.2745367192862114,-0.07911392405064444,0.24390243902439046,-0.2586206896551646,0.21246458923513956,-0.42735042735042583
2018-10,0.11792452830190481,0.2989536621823552,0.3044140030441511,0.23400936037443199,0.2116402116402183,0.1368925393566256,0.0,0.40551500405514584,0.34572169403628283,0.35335689045936647,0.3576537911301969
2018-11,0.17667844522966103,-0.14903129657226621,-0.22761760242793194,0.15564202334630295,-0.10559662090814381,0.2734107997265811,-0.9501187648456089,0.0,-0.17226528854434875,0.21126760563381364,-1.0691375623663624
2018-12,0.11757789535569163,0.2238805970149249,0.1520912547528397,0.4662004662004948,0.0,0.7498295841854352,0.7194244604316502,0.08077544426494665,0.0,0.0,-0.14409221902018654
2019-01,0.35231943628890594,0.0,-0.07593014426726663,-0.15467904098995788,0.42283298097252064,0.06765899864682456,0.0,-0.08071025020178757,0.0,0.49191848208010036,-0.5772005772005651
2019-02,0.05851375073142595,0.29784065524942616,0.3039513677811634,0.30983733539891034,0.6315789473684053,0.40567951318457585,0.31746031746031633,-0.24232633279482885,-0.08628127696290733,0.2797202797202747,0.943396226415083
2019-03,-0.05847953216373547,0.37119524870081744,0.37878787878788955,0.1544401544401497,-0.20920502092048876,0.33670033670034627,0.2373417721518889,-0.16194331983805377,0.17271157167531026,0.2789400278940146,1.2221423436376888
2019-04,0.1170275014628297,0.2958579881656931,0.30188679245284344,0.23130300693909867,0.10482180293500676,0.0,0.0789265982636067,0.16220600162206722,0.08620689655172153,0.20862308762168436,0.35511363636364646
2019-05,0.11689070718878813,0.2949852507374784,0.3009781790820121,0.3076923076923199,0.20942408376962707,0.3355704697986628,0.39432176656151174,0.24291497975708065,1.033591731266159,0.0693962526023606,0.7784854918612805
2019-06,-0.23350846468185305,-0.07352941176470562,0.0,0.07668711656441118,0.0,0.4682274247491458,0.3142183817753441,0.1615508885298933,-0.4262574595055413,-0.1386962552010984,-0.6320224719101208
2019-07,-0.05851375073141485,0.3679175864606421,0.22505626406601476,0.22988505747127963,0.0,0.3994673768308976,0.1566170712607784,-0.4838709677419284,2.0547945205479534,0.2083333333333437,0.5653710247349952
2019-08,0.11709601873535203,0.0,0.0,0.1529051987767538,0.10449320794148065,0.13262599469494596,-0.31274433150899617,0.08103727714747766,-0.5872483221476488,0.20790020790020236,0.07027406886859211
2019-09,-0.05847953216373547,-0.07331378299120228,0.0,0.07633587786259888,1.1482254697286143,0.1986754966887494,0.23529411764706687,0.08097165991902688,-1.2658227848101222,0.13831258644538824,-0.49157303370788163
2019-10,0.29256875365710755,0.29347028613351256,0.22455089820359042,0.22883295194509046,0.0,0.13218770654328527,0.0,0.0,0.2564102564102555,0.6215469613259472,0.3528581510232831
2019-11,0.40840140023337135,0.073152889539152,0.0,-0.22831050228311334,0.20639834881319707,0.13201320132012473,0.15649452269170805,0.0,-1.2787723785166238,0.1372683596431168,0.42194092827005925
2019-12,-0.697269029633929,0.3654970760234022,0.29873039581778116,0.22883295194509046,0.2059732234809486,0.3295978905734964,0.23437500000000888,-0.16181229773462036,-0.2590673575129543,0.274160383824551,0.9103641456582601
2020-01,0.3510825043885335,0.1456664238892902,0.22338049143706407,0.07610350076103778,0.6166495375128589,0.45992115637321085,0.3897116134060852,-0.16207455429497752,-0.08658008658007921,0.06835269993163973,0.6245662734212454
2020-02,-0.11661807580174433,0.1454545454545375,0.22288261515601704,0.3802281368821214,0.5107252298263587,-0.5232177894048506,0.07763975155279379,0.32467532467532756,0.60658578856152,0.2049180327868827,-0.06896551724137057
2020-03,0.058377116170449384,-1.0167029774872716,-1.111934766493694,-0.07575757575757347,0.304878048780477,0.13149243918475495,0.0,0.0,-0.6890611541774283,-0.13633265167006803,-4.554865424430643
2020-04,0.17502917152858455,-0.5135730007336914,-0.9745127436281975,-0.15163002274451998,-6.7882472137791305,1.1162179908076109,-0.38789759503491394,0.16181229773462036,-0.08673026886383273,-0.34129692832765013,-1.518438177874204
2020-05,0.0,-0.1474926253687281,-0.07570022710067237,-0.227790432801811,-1.6304347826086918,-0.06493506493505663,0.0,-0.3231017770597644,-0.3472222222222321,-0.2739726027397249,1.3950073421439058
2020-06,0.058241118229473976,0.8124076809453484,0.8333333333333304,0.3044140030441511,2.4309392265193353,0.32488628979856493,-0.07788161993769194,0.08103727714747766,0.2613240418118501,0.5494505494505475,1.6654598117306296
2020-07,0.05820721769498327,0.0,0.0,-0.22761760242793194,1.0787486515641875,0.0,0.23382696804363778,0.32388663967610754,-0.6081668114682803,0.0,-0.14245014245015675
2020-08,-0.11634671320536194,0.219780219780219,0.37565740045077956,0.1520912547528397,0.7470651013874008,-0.38860103626943143,0.6220839813374957,0.0,0.6118881118881037,0.2732240437158584,0.28530670470756636
2020-09,0.2912055911473477,0.21929824561401912,0.29940119760478723,0.2277904328018332,-0.8474576271186529,-0.19505851755526882,0.3091190108191588,-0.08071025020178757,0.7819287576020795,0.34059945504087974,0.8534850640113945
2020-10,0.23228803716608404,0.29175784099197966,0.14925373134326847,0.22727272727274261,-0.3205128205128194,0.7817589576547102,0.23112480739597707,0.1615508885298933,-0.17241379310345417,0.6788866259334725,0.0705218617771397
2020-11,-0.17381228273464222,0.363636363636366,0.5216095380029984,0.3779289493575311,0.8574490889603492,-0.12928248222364713,0.2305918524212247,0.24193548387096975,1.1226252158894612,0.26972353337826327,0.8456659619450191
2020-12,0.05803830528148257,0.36231884057971175,0.3706449221645647,0.07530120481926694,-0.4250797024441977,-0.1941747572815622,0.0,0.0,0.853970964987183,0.0,1.2578616352201255
2021-01,0.11600928074244621,0.3610108303249149,0.5169867060561106,0.3762227238525151,0.10672358591248265,0.12970168612194133,0.0,0.5631536604987941,0.2540220152413397,-0.20174848688633285,1.5182884748102143
2021-02,0.34762456546928444,0.14388489208632116,0.07347538574578039,-0.07496251874062887,-0.10660980810234255,0.32383419689119286,0.23006134969323355,-0.23999999999999577,-1.858108108108114,0.26954177897573484,0.7477906186267758
2021-03,0.173210161662829,0.07183908045977905,0.1468428781204345,0.0,-0.10672358591249376,0.06455777921239303,0.15302218821731106,-1.0425020048115408,-0.3442340791738441,0.8064516129032251,-0.2024291497975561
2021-04,0.2881844380403509,0.5743000717874924,0.586510263929596,0.6001500375093727,0.5341880341880323,0.1290322580645098,0.916730328495019,0.7293354943273878,1.0362694300518172,0.4666666666666597,0.7437457741717335
2021-05,0.45977011494253706,0.1427551748750977,0.07288629737611796,0.22371364653244186,-0.2125398512220933,0.5798969072164928,0.15140045420136694,0.16090104585679832,-0.08547008547008517,0.6635700066357053,-0.6040268456375841
2021-06,0.22883295194506825,0.28510334996434405,0.21849963583393528,0.14880952380951218,-0.21299254526091493,0.19218449711724261,0.22675736961450532,0.0,-0.08554319931566301,0.7251153592617188,-0.06752194463199857
2021-07,-0.1712328767123239,0.5685856432125158,0.6540697674418672,0.3714710252600284,0.6403415154749181,0.38363171355497716,0.4524886877828038,0.6425702811244882,0.6849315068493178,0.45811518324605505,0.9459459459459474
2021-08,0.6289308176100628,0.7067137809187329,0.7220216606498298,0.4441154700222105,-0.21208907741251393,0.6369426751592355,-0.07507507507507061,0.23942537909018569,0.08503401360544505,0.2605863192182367,2.27576974564927
2021-09,0.05681818181817455,0.49122807017543124,0.4301075268817067,0.29476787030213725,0.0,0.8227848101265867,0.37565740045077956,0.07961783439491832,0.5947323704333041,0.32488628979856493,1.2434554973821843
2021-10,0.11357183418512218,0.48882681564246244,0.49964311206283085,0.3673769287288797,-0.10626992561104665,0.6905210295040876,0.14970059880241582,0.39777247414478634,1.0979729729729604,0.6476683937823857,0.6464124111182912
2021-11,0.28360748723765816,0.4169562195969423,0.35511363636364646,0.21961932650074178,0.8510638297872353,0.5610972568578676,0.07473841554559435,0.07923930269413404,0.1670843776107045,0.3217503217503248,0.8991650610147728
2021-12,-0.05656108597286158,0.48442906574392985,0.424628450106157,0.43827611395179655,-0.31645569620253333,0.619962802231866,-0.07468259895443419,0.47505938242280443,0.33361134278564464,0.5772931366260448,0.8911521323997418
2022-01,0.8488964346349714,0.6198347107438051,0.7047216349541863,0.5090909090909035,0.6349206349206327,0.6161429451632783,0.37369207772794955,0.5516154452324562,0.8312551953449709,0.5102040816326481,0.8832807570978041
2022-02,0.16835016835017313,0.684462696783017,0.4898530440867743,0.3617945007236001,-0.2103049421661285,1.163502755664414,0.37230081906181045,0.39184952978057463,-0.08244023083263663,0.6345177664974555,0.9380863039399667
2022-03,0.39215686274509665,1.0197144799456215,1.1142061281337101,0.6488824801730297,-0.31612223393046035,1.0895883777239712,0.4451038575667532,0.7806401249024209,0.990099009900991,1.0088272383354413,1.8587360594795488
2022-04,0.11160714285716189,0.7402422611036297,0.5509641873278293,0.5730659025787954,0.0,1.0778443113772518,0.8124076809453484,0.23237800154920496,-0.2450980392156965,1.0611735330836591,0.9732360097323589
2022-05,0.278706800445927,1.002004008016022,1.0958904109588996,0.6410256410256387,1.2684989429175397,0.6516587677725116,0.439560439560438,1.4683153013910433,0.9009009009009139,0.6794317479925871,1.987951807228927
2022-06,0.27793218454696955,0.5952380952380931,0.6097560975609762,0.35385704175512345,0.20876826722338038,0.2354326074161195,0.510576221735981,0.15232292460014563,0.6493506493506551,0.36809815950920033,1.9492025989367834
2022-07,0.6097560975609762,0.13149243918475495,0.13468013468012074,0.49365303244004455,-0.6249999999999978,0.7633587786259444,0.4354136429608024,0.0,0.4838709677419395,0.3667481662591676,-1.1008111239861007
2022-08,0.38567493112946494,0.06565988181221893,-0.20174848688633285,0.2807017543859702,0.0,1.1655011655011593,0.43352601156068094,0.3802281368821214,-0.08025682182984939,-0.06090133982947776,-1.0544815465729274
2022-09,0.27442371020856005,0.3937007874015741,0.20215633423179558,0.41987403778867005,0.10482180293500676,1.0944700460829626,0.3597122302158251,0.37878787878788955,0.08032128514054993,0.48750761730653736,-0.2960331557134377
2022-10,0.5473453749315738,0.5228758169934622,0.605245460659054,0.2787456445993097,0.3141361256544517,0.512820512820511,0.501792114695343,0.07547169811319421,0.0,0.7883565797452974,1.0095011876484428
2022-11,0.5443658138268859,0.32509752925877766,0.2673796791443861,0.277970813064643,-0.6263048016701411,0.7936507936507908,0.7132667617689048,0.15082956259429015,0.16051364365972098,0.6016847172081841,0.0
2022-12,0.2707092582566295,0.0,-0.13333333333332975,0.34650034650034467,0.9453781512605008,0.5061867266591635,0.56657223796035,-0.07530120481928915,-0.1602564102564097,0.3588516746411585,-0.881834215167554
2023-01,0.7019438444924475,0.25923525599480524,0.06675567423231055,0.13812154696131174,-0.3121748178980255,0.9513150531617276,0.4929577464788615,-0.37678975131876236,0.0,0.11918951132299238,-0.23724792408066353
2023-02,0.4825737265415686,0.12928248222368044,0.13342228152100066,0.34482758620688614,0.8350730688935215,0.44345898004434225,0.4905395935529189,0.8320726172466042,-0.24077046548955927,0.17857142857142794,-0.7728894173602785
2023-03,0.6937033084311484,0.2582311168495943,0.19986675549634736,0.3436426116838476,0.31055900621119736,0.44150110375276164,0.5578800557879848,-0.07501875468869379,0.48270313757039496,0.35650623885916666,-0.23966446974236222
2023-04,0.2119766825649183,0.5151320025756467,0.3989361702127603,0.3424657534246478,-0.10319917440660964,0.5494505494505475,0.554785020804438,0.0,0.8807045636509248,0.5920663114268754,0.480480480480483
2023-05,0.3701745108408261,0.06406149903908087,0.06622516556291647,0.20477815699659896,-0.30991735537190257,0.5464480874316946,0.4827586206896495,-0.15015015015014122,0.5555555555555536,0.41200706297821466,-1.0759115361625882
